,PassengerId,Survived,SibSp,Parch,Fare,HasCabin,HasAge,NewAge,IsMale,EmbarkedQ,EmbarkedS,IsFirstClass,IsSecondClass,IsTicketNumber
0,1,0,1,0,7.25,1,True,22.0,1,0,1,0,0,0
1,2,1,1,0,71.2833,0,True,38.0,0,0,0,1,0,0
2,3,1,0,0,7.925,1,True,26.0,0,0,1,0,0,0
3,4,1,1,0,53.1,0,True,35.0,0,0,1,1,0,1
4,5,0,0,0,8.05,1,True,35.0,1,0,1,0,0,1
5,6,0,0,0,8.4583,1,False,-1.0,1,1,0,0,0,1
6,7,0,0,0,51.8625,0,True,54.0,1,0,1,1,0,1
7,8,0,3,1,21.075,1,True,2.0,1,0,1,0,0,1
8,9,1,0,2,11.1333,1,True,27.0,0,0,1,0,0,1
9,10,1,1,0,30.0708,1,True,14.0,0,0,0,0,1,1
10,11,1,1,1,16.7,0,True,4.0,0,0,1,0,0,0
11,12,1,0,0,26.55,0,True,58.0,0,0,1,1,0,1
12,13,0,0,0,8.05,1,True,20.0,1,0,1,0,0,0
13,14,0,1,5,31.275,1,True,39.0,1,0,1,0,0,1
14,15,0,0,0,7.8542,1,True,14.0,0,0,1,0,0,1
15,16,1,0,0,16.0,1,True,55.0,0,0,1,0,1,1
16,17,0,4,1,29.125,1,True,2.0,1,1,0,0,0,1
17,18,1,0,0,13.0,1,False,-1.0,1,0,1,0,1,1
18,19,0,1,0,18.0,1,True,31.0,0,0,1,0,0,1
19,20,1,0,0,7.225,1,False,-1.0,0,0,0,0,0,1
20,21,0,0,0,26.0,1,True,35.0,1,0,1,0,1,1
21,22,1,0,0,13.0,0,True,34.0,1,0,1,0,1,1
22,23,1,0,0,8.0292,1,True,15.0,0,1,0,0,0,1
23,24,1,0,0,35.5,0,True,28.0,1,0,1,1,0,1
24,25,0,3,1,21.075,1,True,8.0,0,0,1,0,0,1
25,26,1,1,5,31.3875,1,True,38.0,0,0,1,0,0,1
26,27,0,0,0,7.225,1,False,-1.0,1,0,0,0,0,1
27,28,0,3,2,263.0,0,True,19.0,1,0,1,1,0,1
28,29,1,0,0,7.8792,1,False,-1.0,0,1,0,0,0,1
29,30,0,0,0,7.8958,1,False,-1.0,1,0,1,0,0,1
30,31,0,0,0,27.7208,1,True,40.0,1,0,0,1,0,0
31,32,1,1,0,146.5208,0,False,-1.0,0,0,0,1,0,0
32,33,1,0,0,7.75,1,False,-1.0,0,1,0,0,0,1
33,34,0,0,0,10.5,1,True,66.0,1,0,1,0,1,0
34,35,0,1,0,82.1708,1,True,28.0,1,0,0,1,0,0
35,36,0,1,0,52.0,1,True,42.0,1,0,1,1,0,1
36,37,1,0,0,7.2292,1,False,-1.0,1,0,0,0,0,1
37,38,0,0,0,8.05,1,True,21.0,1,0,1,0,0,0
38,39,0,2,0,18.0,1,True,18.0,0,0,1,0,0,1
39,40,1,1,0,11.2417,1,True,14.0,0,0,0,0,0,1
40,41,0,1,0,9.475,1,True,40.0,0,0,1,0,0,1
41,42,0,1,0,21.0,1,True,27.0,0,0,1,0,1,1
42,43,0,0,0,7.8958,1,False,-1.0,1,0,0,0,0,1
43,44,1,1,2,41.5792,1,True,3.0,0,0,0,0,1,0
44,45,1,0,0,7.8792,1,True,19.0,0,1,0,0,0,1
45,46,0,0,0,8.05,1,False,-1.0,1,0,1,0,0,0
46,47,0,1,0,15.5,1,False,-1.0,1,1,0,0,0,1
47,48,1,0,0,7.75,1,False,-1.0,0,1,0,0,0,1
48,49,0,2,0,21.6792,1,False,-1.0,1,0,0,0,0,1
49,50,0,1,0,17.8,1,True,18.0,0,0,1,0,0,1
50,51,0,4,1,39.6875,1,True,7.0,1,0,1,0,0,1
51,52,0,0,0,7.8,1,True,21.0,1,0,1,0,0,0
52,53,1,1,0,76.7292,0,True,49.0,0,0,0,1,0,0
53,54,1,1,0,26.0,1,True,29.0,0,0,1,0,1,1
54,55,0,0,1,61.9792,0,True,65.0,1,0,0,1,0,1
55,56,1,0,0,35.5,0,False,-1.0,1,0,1,1,0,1
56,57,1,0,0,10.5,1,True,21.0,0,0,1,0,1,0
57,58,0,0,0,7.2292,1,True,28.5,1,0,0,0,0,1
58,59,1,1,2,27.75,1,True,5.0,0,0,1,0,1,0
59,60,0,5,2,46.9,1,True,11.0,1,0,1,0,0,0
60,61,0,0,0,7.2292,1,True,22.0,1,0,0,0,0,1
62,63,0,1,0,83.475,0,True,45.0,1,0,1,1,0,1
63,64,0,3,2,27.9,1,True,4.0,1,0,1,0,0,1
64,65,0,0,0,27.7208,1,False,-1.0,1,0,0,1,0,0
65,66,1,1,1,15.2458,1,False,-1.0,1,0,0,0,0,1
66,67,1,0,0,10.5,0,True,29.0,0,0,1,0,1,0
67,68,0,0,0,8.1583,1,True,19.0,1,0,1,0,0,0
68,69,1,4,2,7.925,1,True,17.0,0,0,1,0,0,1
69,70,0,2,0,8.6625,1,True,26.0,1,0,1,0,0,1
70,71,0,0,0,10.5,1,True,32.0,1,0,1,0,1,0
71,72,0,5,2,46.9,1,True,16.0,0,0,1,0,0,0
72,73,0,0,0,73.5,1,True,21.0,1,0,1,0,1,0
73,74,0,1,0,14.4542,1,True,26.0,1,0,0,0,0,1
74,75,1,0,0,56.4958,1,True,32.0,1,0,1,0,0,1
75,76,0,0,0,7.65,0,True,25.0,1,0,1,0,0,1
76,77,0,0,0,7.8958,1,False,-1.0,1,0,1,0,0,1
77,78,0,0,0,8.05,1,False,-1.0,1,0,1,0,0,1
78,79,1,0,2,29.0,1,True,0.83,1,0,1,0,1,1
79,80,1,0,0,12.475,1,True,30.0,0,0,1,0,0,1
80,81,0,0,0,9.0,1,True,22.0,1,0,1,0,0,1
81,82,1,0,0,9.5,1,True,29.0,1,0,1,0,0,1
82,83,1,0,0,7.7875,1,False,-1.0,0,1,0,0,0,1
83,84,0,0,0,47.1,1,True,28.0,1,0,1,1,0,1
84,85,1,0,0,10.5,1,True,17.0,0,0,1,0,1,0
85,86,1,3,0,15.85,1,True,33.0,0,0,1,0,0,1
86,87,0,1,3,34.375,1,True,16.0,1,0,1,0,0,0
87,88,0,0,0,8.05,1,False,-1.0,1,0,1,0,0,0
88,89,1,3,2,263.0,0,True,23.0,0,0,1,1,0,1
89,90,0,0,0,8.05,1,True,24.0,1,0,1,0,0,1
90,91,0,0,0,8.05,1,True,29.0,1,0,1,0,0,1
91,92,0,0,0,7.8542,1,True,20.0,1,0,1,0,0,1
92,93,0,1,0,61.175,0,True,46.0,1,0,1,1,0,0
93,94,0,1,2,20.575,1,True,26.0,1,0,1,0,0,0
94,95,0,0,0,7.25,1,True,59.0,1,0,1,0,0,1
95,96,0,0,0,8.05,1,False,-1.0,1,0,1,0,0,1
96,97,0,0,0,34.6542,0,True,71.0,1,0,0,1,0,0
97,98,1,0,1,63.3583,0,True,23.0,1,0,0,1,0,0
98,99,1,0,1,23.0,1,True,34.0,0,0,1,0,1,1
99,100,0,1,0,26.0,1,True,34.0,1,0,1,0,1,1
100,101,0,0,0,7.8958,1,True,28.0,0,0,1,0,0,1
101,102,0,0,0,7.8958,1,False,-1.0,1,0,1,0,0,1
102,103,0,0,1,77.2875,0,True,21.0,1,0,1,1,0,1
103,104,0,0,0,8.6542,1,True,33.0,1,0,1,0,0,1
104,105,0,2,0,7.925,1,True,37.0,1,0,1,0,0,1
105,106,0,0,0,7.8958,1,True,28.0,1,0,1,0,0,1
106,107,1,0,0,7.65,1,True,21.0,0,0,1,0,0,1
107,108,1,0,0,7.775,1,False,-1.0,1,0,1,0,0,1
108,109,0,0,0,7.8958,1,True,38.0,1,0,1,0,0,1
109,110,1,1,0,24.15,1,False,-1.0,0,1,0,0,0,1
110,111,0,0,0,52.0,0,True,47.0,1,0,1,1,0,1
111,112,0,1,0,14.4542,1,True,14.5,0,0,0,0,0,1
112,113,0,0,0,8.05,1,True,22.0,1,0,1,0,0,1
113,114,0,1,0,9.825,1,True,20.0,0,0,1,0,0,1
114,115,0,0,0,14.4583,1,True,17.0,0,0,0,0,0,1
115,116,0,0,0,7.925,1,True,21.0,1,0,1,0,0,0
116,117,0,0,0,7.75,1,True,70.5,1,1,0,0,0,1
117,118,0,1,0,21.0,1,True,29.0,1,0,1,0,1,1
118,119,0,0,1,247.5208,0,True,24.0,1,0,0,1,0,0
119,120,0,4,2,31.275,1,True,2.0,0,0,1,0,0,1
120,121,0,2,0,73.5,1,True,21.0,1,0,1,0,1,0
121,122,0,0,0,8.05,1,False,-1.0,1,0,1,0,0,0
122,123,0,1,0,30.0708,1,True,32.5,1,0,0,0,1,1
123,124,1,0,0,13.0,0,True,32.5,0,0,1,0,1,1
124,125,0,0,1,77.2875,0,True,54.0,1,0,1,1,0,1
125,126,1,1,0,11.2417,1,True,12.0,1,0,0,0,0,1
126,127,0,0,0,7.75,1,False,-1.0,1,1,0,0,0,1
127,128,1,0,0,7.1417,1,True,24.0,1,0,1,0,0,0
128,129,1,1,1,22.3583,0,False,-1.0,0,0,0,0,0,1
129,130,0,0,0,6.975,1,True,45.0,1,0,1,0,0,1
130,131,0,0,0,7.8958,1,True,33.0,1,0,0,0,0,1
131,132,0,0,0,7.05,1,True,20.0,1,0,1,0,0,0
132,133,0,1,0,14.5,1,True,47.0,0,0,1,0,0,0
133,134,1,1,0,26.0,1,True,29.0,0,0,1,0,1,1
134,135,0,0,0,13.0,1,True,25.0,1,0,1,0,1,0
135,136,0,0,0,15.0458,1,True,23.0,1,0,0,0,1,0
136,137,1,0,2,26.2833,0,True,19.0,0,0,1,1,0,1
137,138,0,1,0,53.1,0,True,37.0,1,0,1,1,0,1
138,139,0,0,0,9.2167,1,True,16.0,1,0,1,0,0,1
139,140,0,0,0,79.2,0,True,24.0,1,0,0,1,0,0
140,141,0,0,2,15.2458,1,False,-1.0,0,0,0,0,0,1
141,142,1,0,0,7.75,1,True,22.0,0,0,1,0,0,1
142,143,1,1,0,15.85,1,True,24.0,0,0,1,0,0,0
143,144,0,0,0,6.75,1,True,19.0,1,1,0,0,0,1
144,145,0,0,0,11.5,1,True,18.0,1,0,1,0,1,1
145,146,0,1,1,36.75,1,True,19.0,1,0,1,0,1,0
146,147,1,0,0,7.7958,1,True,27.0,1,0,1,0,0,1
147,148,0,2,2,34.375,1,True,9.0,0,0,1,0,0,0
148,149,0,0,2,26.0,0,True,36.5,1,0,1,0,1,1
149,150,0,0,0,13.0,1,True,42.0,1,0,1,0,1,1
150,151,0,0,0,12.525,1,True,51.0,1,0,1,0,1,0
151,152,1,1,0,66.6,0,True,22.0,0,0,1,1,0,1
152,153,0,0,0,8.05,1,True,55.5,1,0,1,0,0,0
153,154,0,0,2,14.5,1,True,40.5,1,0,1,0,0,0
154,155,0,0,0,7.3125,1,False,-1.0,1,0,1,0,0,0
155,156,0,0,1,61.3792,1,True,51.0,1,0,0,1,0,0
156,157,1,0,0,7.7333,1,True,16.0,0,1,0,0,0,1
157,158,0,0,0,8.05,1,True,30.0,1,0,1,0,0,0
158,159,0,0,0,8.6625,1,False,-1.0,1,0,1,0,0,1
159,160,0,8,2,69.55,1,False,-1.0,1,0,1,0,0,0
160,161,0,0,1,16.1,1,True,44.0,1,0,1,0,0,1
161,162,1,0,0,15.75,1,True,40.0,0,0,1,0,1,0
162,163,0,0,0,7.775,1,True,26.0,1,0,1,0,0,1
163,164,0,0,0,8.6625,1,True,17.0,1,0,1,0,0,1
164,165,0,4,1,39.6875,1,True,1.0,1,0,1,0,0,1
165,166,1,0,2,20.525,1,True,9.0,1,0,1,0,0,1
166,167,1,0,1,55.0,0,False,-1.0,0,0,1,1,0,1
167,168,0,1,4,27.9,1,True,45.0,0,0,1,0,0,1
168,169,0,0,0,25.925,1,False,-1.0,1,0,1,1,0,0
169,170,0,0,0,56.4958,1,True,28.0,1,0,1,0,0,1
170,171,0,0,0,33.5,0,True,61.0,1,0,1,1,0,1
171,172,0,4,1,29.125,1,True,4.0,1,1,0,0,0,1
172,173,1,1,1,11.1333,1,True,1.0,0,0,1,0,0,1
173,174,0,0,0,7.925,1,True,21.0,1,0,1,0,0,0
174,175,0,0,0,30.6958,0,True,56.0,1,0,0,1,0,1
175,176,0,1,1,7.8542,1,True,18.0,1,0,1,0,0,1
176,177,0,3,1,25.4667,1,False,-1.0,1,0,1,0,0,1
177,178,0,0,0,28.7125,0,True,50.0,0,0,0,1,0,0
178,179,0,0,0,13.0,1,True,30.0,1,0,1,0,1,1
179,180,0,0,0,0.0,1,True,36.0,1,0,1,0,0,0
180,181,0,8,2,69.55,1,False,-1.0,0,0,1,0,0,0
181,182,0,0,0,15.05,1,False,-1.0,1,0,0,0,1,0
182,183,0,4,2,31.3875,1,True,9.0,1,0,1,0,0,1
183,184,1,2,1,39.0,0,True,1.0,1,0,1,0,1,1
184,185,1,0,2,22.025,1,True,4.0,0,0,1,0,0,1
185,186,0,0,0,50.0,0,False,-1.0,1,0,1,1,0,1
186,187,1,1,0,15.5,1,False,-1.0,0,1,0,0,0,1
187,188,1,0,0,26.55,1,True,45.0,1,0,1,1,0,1
188,189,0,1,1,15.5,1,True,40.0,1,1,0,0,0,1
189,190,0,0,0,7.8958,1,True,36.0,1,0,1,0,0,1
190,191,1,0,0,13.0,1,True,32.0,0,0,1,0,1,1
191,192,0,0,0,13.0,1,True,19.0,1,0,1,0,1,1
192,193,1,1,0,7.8542,1,True,19.0,0,0,1,0,0,1
193,194,1,1,1,26.0,0,True,3.0,1,0,1,0,1,1
194,195,1,0,0,27.7208,0,True,44.0,0,0,0,1,0,0
195,196,1,0,0,146.5208,0,True,58.0,0,0,0,1,0,0
196,197,0,0,0,7.75,1,False,-1.0,1,1,0,0,0,1
197,198,0,0,1,8.4042,1,True,42.0,1,0,1,0,0,1
198,199,1,0,0,7.75,1,False,-1.0,0,1,0,0,0,1
199,200,0,0,0,13.0,1,True,24.0,0,0,1,0,1,1
200,201,0,0,0,9.5,1,True,28.0,1,0,1,0,0,1
201,202,0,8,2,69.55,1,False,-1.0,1,0,1,0,0,0
202,203,0,0,0,6.4958,1,True,34.0,1,0,1,0,0,1
203,204,0,0,0,7.225,1,True,45.5,1,0,0,0,0,1
204,205,1,0,0,8.05,1,True,18.0,1,0,1,0,0,0
205,206,0,0,1,10.4625,0,True,2.0,0,0,1,0,0,1
206,207,0,1,0,15.85,1,True,32.0,1,0,1,0,0,1
207,208,1,0,0,18.7875,1,True,26.0,1,0,0,0,0,1
208,209,1,0,0,7.75,1,True,16.0,0,1,0,0,0,1
209,210,1,0,0,31.0,0,True,40.0,1,0,0,1,0,1
210,211,0,0,0,7.05,1,True,24.0,1,0,1,0,0,0
211,212,1,0,0,21.0,1,True,35.0,0,0,1,0,1,0
212,213,0,0,0,7.25,1,True,22.0,1,0,1,0,0,0
213,214,0,0,0,13.0,1,True,30.0,1,0,1,0,1,1
214,215,0,1,0,7.75,1,False,-1.0,1,1,0,0,0,1
215,216,1,1,0,113.275,0,True,31.0,0,0,0,1,0,1
216,217,1,0,0,7.925,1,True,27.0,0,0,1,0,0,0
217,218,0,1,0,27.0,1,True,42.0,1,0,1,0,1,1
218,219,1,0,0,76.2917,0,True,32.0,0,0,0,1,0,1
219,220,0,0,0,10.5,1,True,30.0,1,0,1,0,1,0
220,221,1,0,0,8.05,1,True,16.0,1,0,1,0,0,0
221,222,0,0,0,13.0,1,True,27.0,1,0,1,0,1,1
222,223,0,0,0,8.05,1,True,51.0,1,0,1,0,0,1
223,224,0,0,0,7.8958,1,False,-1.0,1,0,1,0,0,1
224,225,1,1,0,90.0,0,True,38.0,1,0,1,1,0,1
225,226,0,0,0,9.35,1,True,22.0,1,0,1,0,0,0
226,227,1,0,0,10.5,1,True,19.0,1,0,1,0,1,0
227,228,0,0,0,7.25,1,True,20.5,1,0,1,0,0,0
228,229,0,0,0,13.0,1,True,18.0,1,0,1,0,1,1
229,230,0,3,1,25.4667,1,False,-1.0,0,0,1,0,0,1
230,231,1,1,0,83.475,0,True,35.0,0,0,1,1,0,1
231,232,0,0,0,7.775,1,True,29.0,1,0,1,0,0,1
232,233,0,0,0,13.5,1,True,59.0,1,0,1,0,1,1
233,234,1,4,2,31.3875,1,True,5.0,0,0,1,0,0,1
234,235,0,0,0,10.5,1,True,24.0,1,0,1,0,1,0
235,236,0,0,0,7.55,1,False,-1.0,0,0,1,0,0,0
236,237,0,1,0,26.0,1,True,44.0,1,0,1,0,1,1
237,238,1,0,2,26.25,1,True,8.0,0,0,1,0,1,0
238,239,0,0,0,10.5,1,True,19.0,1,0,1,0,1,1
239,240,0,0,0,12.275,1,True,33.0,1,0,1,0,1,0
240,241,0,1,0,14.4542,1,False,-1.0,0,0,0,0,0,1
241,242,1,1,0,15.5,1,False,-1.0,0,1,0,0,0,1
242,243,0,0,0,10.5,1,True,29.0,1,0,1,0,1,0
243,244,0,0,0,7.125,1,True,22.0,1,0,1,0,0,0
244,245,0,0,0,7.225,1,True,30.0,1,0,0,0,0,1
245,246,0,2,0,90.0,0,True,44.0,1,1,0,1,0,1
246,247,0,0,0,7.775,1,True,25.0,0,0,1,0,0,1
247,248,1,0,2,14.5,1,True,24.0,0,0,1,0,1,1
248,249,1,1,1,52.5542,0,True,37.0,1,0,1,1,0,1
249,250,0,1,0,26.0,1,True,54.0,1,0,1,0,1,1
250,251,0,0,0,7.25,1,False,-1.0,1,0,1,0,0,1
251,252,0,1,1,10.4625,0,True,29.0,0,0,1,0,0,1
252,253,0,0,0,26.55,0,True,62.0,1,0,1,1,0,1
253,254,0,1,0,16.1,1,True,30.0,1,0,1,0,0,0
254,255,0,0,2,20.2125,1,True,41.0,0,0,1,0,0,1
255,256,1,0,2,15.2458,1,True,29.0,0,0,0,0,0,1
256,257,1,0,0,79.2,1,False,-1.0,0,0,0,1,0,0
257,258,1,0,0,86.5,0,True,30.0,0,0,1,1,0,1
258,259,1,0,0,512.3292,1,True,35.0,0,0,0,1,0,0
259,260,1,0,1,26.0,1,True,50.0,0,0,1,0,1,1
260,261,0,0,0,7.75,1,False,-1.0,1,1,0,0,0,1
261,262,1,4,2,31.3875,1,True,3.0,1,0,1,0,0,1
262,263,0,1,1,79.65,0,True,52.0,1,0,1,1,0,1
263,264,0,0,0,0.0,0,True,40.0,1,0,1,1,0,1
264,265,0,0,0,7.75,1,False,-1.0,0,1,0,0,0,1
265,266,0,0,0,10.5,1,True,36.0,1,0,1,0,1,0
266,267,0,4,1,39.6875,1,True,16.0,1,0,1,0,0,1
267,268,1,1,0,7.775,1,True,25.0,1,0,1,0,0,1
268,269,1,0,1,153.4625,0,True,58.0,0,0,1,1,0,0
269,270,1,0,0,135.6333,0,True,35.0,0,0,1,1,0,0
270,271,0,0,0,31.0,1,False,-1.0,1,0,1,1,0,1
271,272,1,0,0,0.0,1,True,25.0,1,0,1,0,0,0
272,273,1,0,1,19.5,1,True,41.0,0,0,1,0,1,1
273,274,0,0,1,29.7,0,True,37.0,1,0,0,1,0,0
274,275,1,0,0,7.75,1,False,-1.0,0,1,0,0,0,1
275,276,1,1,0,77.9583,0,True,63.0,0,0,1,1,0,1
276,277,0,0,0,7.75,1,True,45.0,0,0,1,0,0,1
277,278,0,0,0,0.0,1,False,-1.0,1,0,1,0,1,1
278,279,0,4,1,29.125,1,True,7.0,1,1,0,0,0,1
279,280,1,1,1,20.25,1,True,35.0,0,0,1,0,0,0
280,281,0,0,0,7.75,1,True,65.0,1,1,0,0,0,1
281,282,0,0,0,7.8542,1,True,28.0,1,0,1,0,0,1
282,283,0,0,0,9.5,1,True,16.0,1,0,1,0,0,1
283,284,1,0,0,8.05,1,True,19.0,1,0,1,0,0,0
284,285,0,0,0,26.0,0,False,-1.0,1,0,1,1,0,1
285,286,0,0,0,8.6625,1,True,33.0,1,0,0,0,0,1
286,287,1,0,0,9.5,1,True,30.0,1,0,1,0,0,1
287,288,0,0,0,7.8958,1,True,22.0,1,0,1,0,0,1
288,289,1,0,0,13.0,1,True,42.0,1,0,1,0,1,1
289,290,1,0,0,7.75,1,True,22.0,0,1,0,0,0,1
290,291,1,0,0,78.85,1,True,26.0,0,0,1,1,0,1
291,292,1,1,0,91.0792,0,True,19.0,0,0,0,1,0,1
292,293,0,0,0,12.875,0,True,36.0,1,0,0,0,1,0
293,294,0,0,0,8.85,1,True,24.0,0,0,1,0,0,1
294,295,0,0,0,7.8958,1,True,24.0,1,0,1,0,0,1
295,296,0,0,0,27.7208,1,False,-1.0,1,0,0,1,0,0
296,297,0,0,0,7.2292,1,True,23.5,1,0,0,0,0,1
297,298,0,1,2,151.55,0,True,2.0,0,0,1,1,0,1
298,299,1,0,0,30.5,0,False,-1.0,1,0,1,1,0,1
299,300,1,0,1,247.5208,0,True,50.0,0,0,0,1,0,0
300,301,1,0,0,7.75,1,False,-1.0,0,1,0,0,0,1
301,302,1,2,0,23.25,1,False,-1.0,1,1,0,0,0,1
302,303,0,0,0,0.0,1,True,19.0,1,0,1,0,0,0
303,304,1,0,0,12.35,0,False,-1.0,0,1,0,0,1,1
304,305,0,0,0,8.05,1,False,-1.0,1,0,1,0,0,0
305,306,1,1,2,151.55,0,True,0.92,1,0,1,1,0,1
306,307,1,0,0,110.8833,1,False,-1.0,0,0,0,1,0,1
307,308,1,1,0,108.9,0,True,17.0,0,0,0,1,0,0
308,309,0,1,0,24.0,1,True,30.0,1,0,0,0,1,0
309,310,1,0,0,56.9292,0,True,30.0,0,0,0,1,0,0
310,311,1,0,0,83.1583,0,True,24.0,0,0,0,1,0,1
311,312,1,2,2,262.375,0,True,18.0,0,0,0,1,0,0
312,313,0,1,1,26.0,1,True,26.0,0,0,1,0,1,1
313,314,0,0,0,7.8958,1,True,28.0,1,0,1,0,0,1
314,315,0,1,1,26.25,1,True,43.0,1,0,1,0,1,0
315,316,1,0,0,7.8542,1,True,26.0,0,0,1,0,0,1
316,317,1,1,0,26.0,1,True,24.0,0,0,1,0,1,1
317,318,0,0,0,14.0,1,True,54.0,1,0,1,0,1,1
318,319,1,0,2,164.8667,0,True,31.0,0,0,1,1,0,1
319,320,1,1,1,134.5,0,True,40.0,0,0,0,1,0,1
320,321,0,0,0,7.25,1,True,22.0,1,0,1,0,0,0
321,322,0,0,0,7.8958,1,True,27.0,1,0,1,0,0,1
322,323,1,0,0,12.35,1,True,30.0,0,1,0,0,1,1
323,324,1,1,1,29.0,1,True,22.0,0,0,1,0,1,1
324,325,0,8,2,69.55,1,False,-1.0,1,0,1,0,0,0
325,326,1,0,0,135.6333,0,True,36.0,0,0,0,1,0,0
326,327,0,0,0,6.2375,1,True,61.0,1,0,1,0,0,1
327,328,1,0,0,13.0,0,True,36.0,0,0,1,0,1,1
328,329,1,1,1,20.525,1,True,31.0,0,0,1,0,0,1
329,330,1,0,1,57.9792,0,True,16.0,0,0,0,1,0,1
330,331,1,2,0,23.25,1,False,-1.0,0,1,0,0,0,1
331,332,0,0,0,28.5,0,True,45.5,1,0,1,1,0,1
332,333,0,0,1,153.4625,0,True,38.0,1,0,1,1,0,0
333,334,0,2,0,18.0,1,True,16.0,1,0,1,0,0,1
334,335,1,1,0,133.65,1,False,-1.0,0,0,1,1,0,0
335,336,0,0,0,7.8958,1,False,-1.0,1,0,1,0,0,1
336,337,0,1,0,66.6,0,True,29.0,1,0,1,1,0,1
337,338,1,0,0,134.5,0,True,41.0,0,0,0,1,0,1
338,339,1,0,0,8.05,1,True,45.0,1,0,1,0,0,1
339,340,0,0,0,35.5,0,True,45.0,1,0,1,1,0,1
340,341,1,1,1,26.0,0,True,2.0,1,0,1,0,1,1
341,342,1,3,2,263.0,0,True,24.0,0,0,1,1,0,1
342,343,0,0,0,13.0,1,True,28.0,1,0,1,0,1,1
343,344,0,0,0,13.0,1,True,25.0,1,0,1,0,1,1
344,345,0,0,0,13.0,1,True,36.0,1,0,1,0,1,1
345,346,1,0,0,13.0,0,True,24.0,0,0,1,0,1,1
346,347,1,0,0,13.0,1,True,40.0,0,0,1,0,1,1
347,348,1,1,0,16.1,1,False,-1.0,0,0,1,0,0,1
348,349,1,1,1,15.9,1,True,3.0,1,0,1,0,0,0
349,350,0,0,0,8.6625,1,True,42.0,1,0,1,0,0,1
350,351,0,0,0,9.225,1,True,23.0,1,0,1,0,0,1
351,352,0,0,0,35.0,0,False,-1.0,1,0,1,1,0,1
352,353,0,1,1,7.2292,1,True,15.0,1,0,0,0,0,1
353,354,0,1,0,17.8,1,True,25.0,1,0,1,0,0,1
354,355,0,0,0,7.225,1,False,-1.0,1,0,0,0,0,1
355,356,0,0,0,9.5,1,True,28.0,1,0,1,0,0,1
356,357,1,0,1,55.0,0,True,22.0,0,0,1,1,0,1
357,358,0,0,0,13.0,1,True,38.0,0,0,1,0,1,1
358,359,1,0,0,7.8792,1,False,-1.0,0,1,0,0,0,1
359,360,1,0,0,7.8792,1,False,-1.0,0,1,0,0,0,1
360,361,0,1,4,27.9,1,True,40.0,1,0,1,0,0,1
361,362,0,1,0,27.7208,1,True,29.0,1,0,0,0,1,0
362,363,0,0,1,14.4542,1,True,45.0,0,0,0,0,0,1
363,364,0,0,0,7.05,1,True,35.0,1,0,1,0,0,0
364,365,0,1,0,15.5,1,False,-1.0,1,1,0,0,0,1
365,366,0,0,0,7.25,1,True,30.0,1,0,1,0,0,0
366,367,1,1,0,75.25,0,True,60.0,0,0,0,1,0,1
367,368,1,0,0,7.2292,1,False,-1.0,0,0,0,0,0,1
368,369,1,0,0,7.75,1,False,-1.0,0,1,0,0,0,1
369,370,1,0,0,69.3,0,True,24.0,0,0,0,1,0,0
370,371,1,1,0,55.4417,0,True,25.0,1,0,0,1,0,1
371,372,0,1,0,6.4958,1,True,18.0,1,0,1,0,0,1
372,373,0,0,0,8.05,1,True,19.0,1,0,1,0,0,1
373,374,0,0,0,135.6333,1,True,22.0,1,0,0,1,0,0
374,375,0,3,1,21.075,1,True,3.0,0,0,1,0,0,1
375,376,1,1,0,82.1708,1,False,-1.0,0,0,0,1,0,0
376,377,1,0,0,7.25,1,True,22.0,0,0,1,0,0,0
377,378,0,0,2,211.5,0,True,27.0,1,0,0,1,0,1
378,379,0,0,0,4.0125,1,True,20.0,1,0,0,0,0,1
379,380,0,0,0,7.775,1,True,19.0,1,0,1,0,0,1
380,381,1,0,0,227.525,1,True,42.0,0,0,0,1,0,0
381,382,1,0,2,15.7417,1,True,1.0,0,0,0,0,0,1
382,383,0,0,0,7.925,1,True,32.0,1,0,1,0,0,0
383,384,1,1,0,52.0,1,True,35.0,0,0,1,1,0,1
384,385,0,0,0,7.8958,1,False,-1.0,1,0,1,0,0,1
385,386,0,0,0,73.5,1,True,18.0,1,0,1,0,1,0
386,387,0,5,2,46.9,1,True,1.0,1,0,1,0,0,0
387,388,1,0,0,13.0,1,True,36.0,0,0,1,0,1,1
388,389,0,0,0,7.7292,1,False,-1.0,1,1,0,0,0,1
389,390,1,0,0,12.0,1,True,17.0,0,0,0,0,1,0
390,391,1,1,2,120.0,0,True,36.0,1,0,1,1,0,1
391,392,1,0,0,7.7958,1,True,21.0,1,0,1,0,0,1
392,393,0,2,0,7.925,1,True,28.0,1,0,1,0,0,1
393,394,1,1,0,113.275,0,True,23.0,0,0,0,1,0,1
394,395,1,0,2,16.7,0,True,24.0,0,0,1,0,0,0
395,396,0,0,0,7.7958,1,True,22.0,1,0,1,0,0,1
396,397,0,0,0,7.8542,1,True,31.0,0,0,1,0,0,1
397,398,0,0,0,26.0,1,True,46.0,1,0,1,0,1,1
398,399,0,0,0,10.5,1,True,23.0,1,0,1,0,1,1
399,400,1,0,0,12.65,1,True,28.0,0,0,1,0,1,1
400,401,1,0,0,7.925,1,True,39.0,1,0,1,0,0,0
401,402,0,0,0,8.05,1,True,26.0,1,0,1,0,0,1
402,403,0,1,0,9.825,1,True,21.0,0,0,1,0,0,1
403,404,0,1,0,15.85,1,True,28.0,1,0,1,0,0,0
404,405,0,0,0,8.6625,1,True,20.0,0,0,1,0,0,1
405,406,0,1,0,21.0,1,True,34.0,1,0,1,0,1,1
406,407,0,0,0,7.75,1,True,51.0,1,0,1,0,0,1
407,408,1,1,1,18.75,1,True,3.0,1,0,1,0,1,1
408,409,0,0,0,7.775,1,True,21.0,1,0,1,0,0,1
409,410,0,3,1,25.4667,1,False,-1.0,0,0,1,0,0,1
410,411,0,0,0,7.8958,1,False,-1.0,1,0,1,0,0,1
411,412,0,0,0,6.8583,1,False,-1.0,1,1,0,0,0,1
412,413,1,1,0,90.0,0,True,33.0,0,1,0,1,0,1
413,414,0,0,0,0.0,1,False,-1.0,1,0,1,0,1,1
414,415,1,0,0,7.925,1,True,44.0,1,0,1,0,0,0
415,416,0,0,0,8.05,1,False,-1.0,0,0,1,0,0,1
416,417,1,1,1,32.5,1,True,34.0,0,0,1,0,1,1
417,418,1,0,2,13.0,1,True,18.0,0,0,1,0,1,1
418,419,0,0,0,13.0,1,True,30.0,1,0,1,0,1,1
419,420,0,0,2,24.15,1,True,10.0,0,0,1,0,0,1
420,421,0,0,0,7.8958,1,False,-1.0,1,0,0,0,0,1
421,422,0,0,0,7.7333,1,True,21.0,1,1,0,0,0,0
422,423,0,0,0,7.875,1,True,29.0,1,0,1,0,0,1
423,424,0,1,1,14.4,1,True,28.0,0,0,1,0,0,1
424,425,0,1,1,20.2125,1,True,18.0,1,0,1,0,0,1
425,426,0,0,0,7.25,1,False,-1.0,1,0,1,0,0,0
426,427,1,1,0,26.0,1,True,28.0,0,0,1,0,1,1
427,428,1,0,0,26.0,1,True,19.0,0,0,1,0,1,1
428,429,0,0,0,7.75,1,False,-1.0,1,1,0,0,0,1
429,430,1,0,0,8.05,0,True,32.0,1,0,1,0,0,0
430,431,1,0,0,26.55,0,True,28.0,1,0,1,1,0,1
431,432,1,1,0,16.1,1,False,-1.0,0,0,1,0,0,1
432,433,1,1,0,26.0,1,True,42.0,0,0,1,0,1,0
433,434,0,0,0,7.125,1,True,17.0,1,0,1,0,0,0
434,435,0,1,0,55.9,0,True,50.0,1,0,1,1,0,1
435,436,1,1,2,120.0,0,True,14.0,0,0,1,1,0,1
436,437,0,2,2,34.375,1,True,21.0,0,0,1,0,0,0
437,438,1,2,3,18.75,1,True,24.0,0,0,1,0,1,1
438,439,0,1,4,263.0,0,True,64.0,1,0,1,1,0,1
439,440,0,0,0,10.5,1,True,31.0,1,0,1,0,1,0
440,441,1,1,1,26.25,1,True,45.0,0,0,1,0,1,0
441,442,0,0,0,9.5,1,True,20.0,1,0,1,0,0,1
442,443,0,1,0,7.775,1,True,25.0,1,0,1,0,0,1
443,444,1,0,0,13.0,1,True,28.0,0,0,1,0,1,1
444,445,1,0,0,8.1125,1,False,-1.0,1,0,1,0,0,1
445,446,1,0,2,81.8583,0,True,4.0,1,0,1,1,0,1
446,447,1,0,1,19.5,1,True,13.0,0,0,1,0,1,1
447,448,1,0,0,26.55,1,True,34.0,1,0,1,1,0,1
448,449,1,2,1,19.2583,1,True,5.0,0,0,0,0,0,1
449,450,1,0,0,30.5,0,True,52.0,1,0,1,1,0,1
450,451,0,1,2,27.75,1,True,36.0,1,0,1,0,1,0
451,452,0,1,0,19.9667,1,False,-1.0,1,0,1,0,0,1
452,453,0,0,0,27.75,0,True,30.0,1,0,0,1,0,1
453,454,1,1,0,89.1042,0,True,49.0,1,0,0,1,0,1
454,455,0,0,0,8.05,1,False,-1.0,1,0,1,0,0,0
455,456,1,0,0,7.8958,1,True,29.0,1,0,0,0,0,1
456,457,0,0,0,26.55,0,True,65.0,1,0,1,1,0,1
457,458,1,1,0,51.8625,0,False,-1.0,0,0,1,1,0,1
458,459,1,0,0,10.5,1,True,50.0,0,0,1,0,1,0
459,460,0,0,0,7.75,1,False,-1.0,1,1,0,0,0,1
460,461,1,0,0,26.55,0,True,48.0,1,0,1,1,0,1
461,462,0,0,0,8.05,1,True,34.0,1,0,1,0,0,1
462,463,0,0,0,38.5,0,True,47.0,1,0,1,1,0,1
463,464,0,0,0,13.0,1,True,48.0,1,0,1,0,1,1
464,465,0,0,0,8.05,1,False,-1.0,1,0,1,0,0,0
465,466,0,0,0,7.05,1,True,38.0,1,0,1,0,0,0
466,467,0,0,0,0.0,1,False,-1.0,1,0,1,0,1,1
467,468,0,0,0,26.55,1,True,56.0,1,0,1,1,0,1
468,469,0,0,0,7.725,1,False,-1.0,1,1,0,0,0,1
469,470,1,2,1,19.2583,1,True,0.75,0,0,0,0,0,1
470,471,0,0,0,7.25,1,False,-1.0,1,0,1,0,0,1
471,472,0,0,0,8.6625,1,True,38.0,1,0,1,0,0,1
472,473,1,1,2,27.75,1,True,33.0,0,0,1,0,1,0
473,474,1,0,0,13.7917,0,True,23.0,0,0,0,0,1,0
474,475,0,0,0,9.8375,1,True,22.0,0,0,1,0,0,1
475,476,0,0,0,52.0,0,False,-1.0,1,0,1,1,0,1
476,477,0,1,0,21.0,1,True,34.0,1,0,1,0,1,1
477,478,0,1,0,7.0458,1,True,29.0,1,0,1,0,0,1
478,479,0,0,0,7.5208,1,True,22.0,1,0,1,0,0,1
479,480,1,0,1,12.2875,1,True,2.0,0,0,1,0,0,1
480,481,0,5,2,46.9,1,True,9.0,1,0,1,0,0,0
481,482,0,0,0,0.0,1,False,-1.0,1,0,1,0,1,1
482,483,0,0,0,8.05,1,True,50.0,1,0,1,0,0,0
483,484,1,0,0,9.5875,1,True,63.0,0,0,1,0,0,1
484,485,1,1,0,91.0792,0,True,25.0,1,0,0,1,0,1
485,486,0,3,1,25.4667,1,False,-1.0,0,0,1,0,0,1
486,487,1,1,0,90.0,0,True,35.0,0,0,1,1,0,1
487,488,0,0,0,29.7,0,True,58.0,1,0,0,1,0,1
488,489,0,0,0,8.05,1,True,30.0,1,0,1,0,0,0
489,490,1,1,1,15.9,1,True,9.0,1,0,1,0,0,0
490,491,0,1,0,19.9667,1,False,-1.0,1,0,1,0,0,1
491,492,0,0,0,7.25,1,True,21.0,1,0,1,0,0,0
492,493,0,0,0,30.5,0,True,55.0,1,0,1,1,0,1
493,494,0,0,0,49.5042,1,True,71.0,1,0,0,1,0,0
494,495,0,0,0,8.05,1,True,21.0,1,0,1,0,0,0
495,496,0,0,0,14.4583,1,False,-1.0,1,0,0,0,0,1
496,497,1,1,0,78.2667,0,True,54.0,0,0,0,1,0,1
497,498,0,0,0,15.1,1,False,-1.0,1,0,1,0,0,0
498,499,0,1,2,151.55,0,True,25.0,0,0,1,1,0,1
499,500,0,0,0,7.7958,1,True,24.0,1,0,1,0,0,1
500,501,0,0,0,8.6625,1,True,17.0,1,0,1,0,0,1
501,502,0,0,0,7.75,1,True,21.0,0,1,0,0,0,1
502,503,0,0,0,7.6292,1,False,-1.0,0,1,0,0,0,1
503,504,0,0,0,9.5875,1,True,37.0,0,0,1,0,0,1
504,505,1,0,0,86.5,0,True,16.0,0,0,1,1,0,1
505,506,0,1,0,108.9,0,True,18.0,1,0,0,1,0,0
506,507,1,0,2,26.0,1,True,33.0,0,0,1,0,1,1
507,508,1,0,0,26.55,1,False,-1.0,1,0,1,1,0,1
508,509,0,0,0,22.525,1,True,28.0,1,0,1,0,0,0
509,510,1,0,0,56.4958,1,True,26.0,1,0,1,0,0,1
510,511,1,0,0,7.75,1,True,29.0,1,1,0,0,0,1
511,512,0,0,0,8.05,1,False,-1.0,1,0,1,0,0,0
512,513,1,0,0,26.2875,0,True,36.0,1,0,1,1,0,0
513,514,1,1,0,59.4,1,True,54.0,0,0,0,1,0,0
514,515,0,0,0,7.4958,1,True,24.0,1,0,1,0,0,1
515,516,0,0,0,34.0208,0,True,47.0,1,0,1,1,0,1
516,517,1,0,0,10.5,0,True,34.0,0,0,1,0,1,0
517,518,0,0,0,24.15,1,False,-1.0,1,1,0,0,0,1
518,519,1,1,0,26.0,1,True,36.0,0,0,1,0,1,1
519,520,0,0,0,7.8958,1,True,32.0,1,0,1,0,0,1
520,521,1,0,0,93.5,0,True,30.0,0,0,1,1,0,1
521,522,0,0,0,7.8958,1,True,22.0,1,0,1,0,0,1
522,523,0,0,0,7.225,1,False,-1.0,1,0,0,0,0,1
523,524,1,0,1,57.9792,0,True,44.0,0,0,0,1,0,1
524,525,0,0,0,7.2292,1,False,-1.0,1,0,0,0,0,1
525,526,0,0,0,7.75,1,True,40.5,1,1,0,0,0,1
526,527,1,0,0,10.5,1,True,50.0,0,0,1,0,1,0
527,528,0,0,0,221.7792,0,False,-1.0,1,0,1,1,0,0
528,529,0,0,0,7.925,1,True,39.0,1,0,1,0,0,1
529,530,0,2,1,11.5,1,True,23.0,1,0,1,0,1,1
530,531,1,1,1,26.0,1,True,2.0,0,0,1,0,1,1
531,532,0,0,0,7.2292,1,False,-1.0,1,0,0,0,0,1
532,533,0,1,1,7.2292,1,True,17.0,1,0,0,0,0,1
533,534,1,0,2,22.3583,1,False,-1.0,0,0,0,0,0,1
534,535,0,0,0,8.6625,1,True,30.0,0,0,1,0,0,1
535,536,1,0,2,26.25,1,True,7.0,0,0,1,0,1,0
536,537,0,0,0,26.55,0,True,45.0,1,0,1,1,0,1
537,538,1,0,0,106.425,1,True,30.0,0,0,0,1,0,0
538,539,0,0,0,14.5,1,False,-1.0,1,0,1,0,0,1
539,540,1,0,2,49.5,0,True,22.0,0,0,0,1,0,1
540,541,1,0,2,71.0,0,True,36.0,0,0,1,1,0,0
541,542,0,4,2,31.275,1,True,9.0,0,0,1,0,0,1
542,543,0,4,2,31.275,1,True,11.0,0,0,1,0,0,1
543,544,1,1,0,26.0,1,True,32.0,1,0,1,0,1,1
544,545,0,1,0,106.425,0,True,50.0,1,0,0,1,0,0
545,546,0,0,0,26.0,1,True,64.0,1,0,1,1,0,1
546,547,1,1,0,26.0,1,True,19.0,0,0,1,0,1,1
547,548,1,0,0,13.8625,1,False,-1.0,1,0,0,0,1,0
548,549,0,1,1,20.525,1,True,33.0,1,0,1,0,0,1
549,550,1,1,1,36.75,1,True,8.0,1,0,1,0,1,0
550,551,1,0,2,110.8833,0,True,17.0,1,0,0,1,0,1
551,552,0,0,0,26.0,1,True,27.0,1,0,1,0,1,1
552,553,0,0,0,7.8292,1,False,-1.0,1,1,0,0,0,1
553,554,1,0,0,7.225,1,True,22.0,1,0,0,0,0,1
554,555,1,0,0,7.775,1,True,22.0,0,0,1,0,0,1
555,556,0,0,0,26.55,1,True,62.0,1,0,1,1,0,1
556,557,1,1,0,39.6,0,True,48.0,0,0,0,1,0,1
557,558,0,0,0,227.525,1,False,-1.0,1,0,0,1,0,0
558,559,1,1,1,79.65,0,True,39.0,0,0,1,1,0,1
559,560,1,1,0,17.4,1,True,36.0,0,0,1,0,0,1
560,561,0,0,0,7.75,1,False,-1.0,1,1,0,0,0,1
561,562,0,0,0,7.8958,1,True,40.0,1,0,1,0,0,1
562,563,0,0,0,13.5,1,True,28.0,1,0,1,0,1,1
563,564,0,0,0,8.05,1,False,-1.0,1,0,1,0,0,0
564,565,0,0,0,8.05,1,False,-1.0,0,0,1,0,0,0
565,566,0,2,0,24.15,1,True,24.0,1,0,1,0,0,0
566,567,0,0,0,7.8958,1,True,19.0,1,0,1,0,0,1
567,568,0,0,4,21.075,1,True,29.0,0,0,1,0,0,1
568,569,0,0,0,7.2292,1,False,-1.0,1,0,0,0,0,1
569,570,1,0,0,7.8542,1,True,32.0,1,0,1,0,0,1
570,571,1,0,0,10.5,1,True,62.0,1,0,1,0,1,0
571,572,1,2,0,51.4792,0,True,53.0,0,0,1,1,0,1
572,573,1,0,0,26.3875,0,True,36.0,1,0,1,1,0,0
573,574,1,0,0,7.75,1,False,-1.0,0,1,0,0,0,1
574,575,0,0,0,8.05,1,True,16.0,1,0,1,0,0,0
575,576,0,0,0,14.5,1,True,19.0,1,0,1,0,0,1
576,577,1,0,0,13.0,1,True,34.0,0,0,1,0,1,1
577,578,1,1,0,55.9,0,True,39.0,0,0,1,1,0,1
578,579,0,1,0,14.4583,1,False,-1.0,0,0,0,0,0,1
579,580,1,0,0,7.925,1,True,32.0,1,0,1,0,0,0
580,581,1,1,1,30.0,1,True,25.0,0,0,1,0,1,1
581,582,1,1,1,110.8833,0,True,39.0,0,0,0,1,0,1
582,583,0,0,0,26.0,1,True,54.0,1,0,1,0,1,1
583,584,0,0,0,40.125,0,True,36.0,1,0,0,1,0,1
584,585,0,0,0,8.7125,1,False,-1.0,1,0,0,0,0,1
585,586,1,0,2,79.65,0,True,18.0,0,0,1,1,0,1
586,587,0,0,0,15.0,1,True,47.0,1,0,1,0,1,1
587,588,1,1,1,79.2,0,True,60.0,1,0,0,1,0,1
588,589,0,0,0,8.05,1,True,22.0,1,0,1,0,0,1
589,590,0,0,0,8.05,1,False,-1.0,1,0,1,0,0,0
590,591,0,0,0,7.125,1,True,35.0,1,0,1,0,0,0
591,592,1,1,0,78.2667,0,True,52.0,0,0,0,1,0,1
592,593,0,0,0,7.25,1,True,47.0,1,0,1,0,0,0
593,594,0,0,2,7.75,1,False,-1.0,0,1,0,0,0,1
594,595,0,1,0,26.0,1,True,37.0,1,0,1,0,1,0
595,596,0,1,1,24.15,1,True,36.0,1,0,1,0,0,1
596,597,1,0,0,33.0,1,False,-1.0,0,0,1,0,1,1
597,598,0,0,0,0.0,1,True,49.0,1,0,1,0,0,0
598,599,0,0,0,7.225,1,False,-1.0,1,0,0,0,0,1
599,600,1,1,0,56.9292,0,True,49.0,1,0,0,1,0,0
600,601,1,2,1,27.0,1,True,24.0,0,0,1,0,1,1
601,602,0,0,0,7.8958,1,False,-1.0,1,0,1,0,0,1
602,603,0,0,0,42.4,1,False,-1.0,1,0,1,1,0,1
603,604,0,0,0,8.05,1,True,44.0,1,0,1,0,0,1
604,605,1,0,0,26.55,1,True,35.0,1,0,0,1,0,1
605,606,0,1,0,15.55,1,True,36.0,1,0,1,0,0,1
606,607,0,0,0,7.8958,1,True,30.0,1,0,1,0,0,1
607,608,1,0,0,30.5,1,True,27.0,1,0,1,1,0,1
608,609,1,1,2,41.5792,1,True,22.0,0,0,0,0,1,0
609,610,1,0,0,153.4625,0,True,40.0,0,0,1,1,0,0
610,611,0,1,5,31.275,1,True,39.0,0,0,1,0,0,1
611,612,0,0,0,7.05,1,False,-1.0,1,0,1,0,0,0
612,613,1,1,0,15.5,1,False,-1.0,0,1,0,0,0,1
613,614,0,0,0,7.75,1,False,-1.0,1,1,0,0,0,1
614,615,0,0,0,8.05,1,True,35.0,1,0,1,0,0,1
615,616,1,1,2,65.0,1,True,24.0,0,0,1,0,1,1
616,617,0,1,1,14.4,1,True,34.0,1,0,1,0,0,1
617,618,0,1,0,16.1,1,True,26.0,0,0,1,0,0,0
618,619,1,2,1,39.0,0,True,4.0,0,0,1,0,1,1
619,620,0,0,0,10.5,1,True,26.0,1,0,1,0,1,1
620,621,0,1,0,14.4542,1,True,27.0,1,0,0,0,0,1
621,622,1,1,0,52.5542,0,True,42.0,1,0,1,1,0,1
622,623,1,1,1,15.7417,1,True,20.0,1,0,0,0,0,1
623,624,0,0,0,7.8542,1,True,21.0,1,0,1,0,0,1
624,625,0,0,0,16.1,1,True,21.0,1,0,1,0,0,1
625,626,0,0,0,32.3208,0,True,61.0,1,0,1,1,0,1
626,627,0,0,0,12.35,1,True,57.0,1,1,0,0,1,1
627,628,1,0,0,77.9583,0,True,21.0,0,0,1,1,0,1
628,629,0,0,0,7.8958,1,True,26.0,1,0,1,0,0,1
629,630,0,0,0,7.7333,1,False,-1.0,1,1,0,0,0,1
630,631,1,0,0,30.0,0,True,80.0,1,0,1,1,0,1
631,632,0,0,0,7.0542,1,True,51.0,1,0,1,0,0,1
632,633,1,0,0,30.5,0,True,32.0,1,0,0,1,0,1
633,634,0,0,0,0.0,1,False,-1.0,1,0,1,1,0,1
634,635,0,3,2,27.9,1,True,9.0,0,0,1,0,0,1
635,636,1,0,0,13.0,1,True,28.0,0,0,1,0,1,1
636,637,0,0,0,7.925,1,True,32.0,1,0,1,0,0,0
637,638,0,1,1,26.25,1,True,31.0,1,0,1,0,1,0
638,639,0,0,5,39.6875,1,True,41.0,0,0,1,0,0,1
639,640,0,1,0,16.1,1,False,-1.0,1,0,1,0,0,1
640,641,0,0,0,7.8542,1,True,20.0,1,0,1,0,0,1
641,642,1,0,0,69.3,0,True,24.0,0,0,0,1,0,0
642,643,0,3,2,27.9,1,True,2.0,0,0,1,0,0,1
643,644,1,0,0,56.4958,1,False,-1.0,1,0,1,0,0,1
644,645,1,2,1,19.2583,1,True,0.75,0,0,0,0,0,1
645,646,1,1,0,76.7292,0,True,48.0,1,0,0,1,0,0
646,647,0,0,0,7.8958,1,True,19.0,1,0,1,0,0,1
647,648,1,0,0,35.5,0,True,56.0,1,0,0,1,0,1
648,649,0,0,0,7.55,1,False,-1.0,1,0,1,0,0,0
649,650,1,0,0,7.55,1,True,23.0,0,0,1,0,0,0
650,651,0,0,0,7.8958,1,False,-1.0,1,0,1,0,0,1
651,652,1,0,1,23.0,1,True,18.0,0,0,1,0,1,1
652,653,0,0,0,8.4333,1,True,21.0,1,0,1,0,0,1
653,654,1,0,0,7.8292,1,False,-1.0,0,1,0,0,0,1
654,655,0,0,0,6.75,1,True,18.0,0,1,0,0,0,1
655,656,0,2,0,73.5,1,True,24.0,1,0,1,0,1,0
656,657,0,0,0,7.8958,1,False,-1.0,1,0,1,0,0,1
657,658,0,1,1,15.5,1,True,32.0,0,1,0,0,0,1
658,659,0,0,0,13.0,1,True,23.0,1,0,1,0,1,1
659,660,0,0,2,113.275,0,True,58.0,1,0,0,1,0,1
660,661,1,2,0,133.65,1,True,50.0,1,0,1,1,0,0
661,662,0,0,0,7.225,1,True,40.0,1,0,0,0,0,1
662,663,0,0,0,25.5875,0,True,47.0,1,0,1,1,0,1
663,664,0,0,0,7.4958,1,True,36.0,1,0,1,0,0,1
664,665,1,1,0,7.925,1,True,20.0,1,0,1,0,0,0
665,666,0,2,0,73.5,1,True,32.0,1,0,1,0,1,0
666,667,0,0,0,13.0,1,True,25.0,1,0,1,0,1,1
667,668,0,0,0,7.775,1,False,-1.0,1,0,1,0,0,1
668,669,0,0,0,8.05,1,True,43.0,1,0,1,0,0,0
669,670,1,1,0,52.0,0,False,-1.0,0,0,1,1,0,1
670,671,1,1,1,39.0,1,True,40.0,0,0,1,0,1,1
671,672,0,1,0,52.0,0,True,31.0,1,0,1,1,0,0
672,673,0,0,0,10.5,1,True,70.0,1,0,1,0,1,0
673,674,1,0,0,13.0,1,True,31.0,1,0,1,0,1,1
674,675,0,0,0,0.0,1,False,-1.0,1,0,1,0,1,1
675,676,0,0,0,7.775,1,True,18.0,1,0,1,0,0,1
676,677,0,0,0,8.05,1,True,24.5,1,0,1,0,0,1
677,678,1,0,0,9.8417,1,True,18.0,0,0,1,0,0,1
678,679,0,1,6,46.9,1,True,43.0,0,0,1,0,0,0
679,680,1,0,1,512.3292,0,True,36.0,1,0,0,1,0,0
680,681,0,0,0,8.1375,1,False,-1.0,0,1,0,0,0,1
681,682,1,0,0,76.7292,0,True,27.0,1,0,0,1,0,0
682,683,0,0,0,9.225,1,True,20.0,1,0,1,0,0,1
683,684,0,5,2,46.9,1,True,14.0,1,0,1,0,0,0
684,685,0,1,1,39.0,1,True,60.0,1,0,1,0,1,1
685,686,0,1,2,41.5792,1,True,25.0,1,0,0,0,1,0
686,687,0,4,1,39.6875,1,True,14.0,1,0,1,0,0,1
687,688,0,0,0,10.1708,1,True,19.0,1,0,1,0,0,1
688,689,0,0,0,7.7958,1,True,18.0,1,0,1,0,0,1
689,690,1,0,1,211.3375,0,True,15.0,0,0,1,1,0,1
690,691,1,1,0,57.0,0,True,31.0,1,0,1,1,0,1
691,692,1,0,1,13.4167,1,True,4.0,0,0,0,0,0,1
692,693,1,0,0,56.4958,1,False,-1.0,1,0,1,0,0,1
693,694,0,0,0,7.225,1,True,25.0,1,0,0,0,0,1
694,695,0,0,0,26.55,1,True,60.0,1,0,1,1,0,1
695,696,0,0,0,13.5,1,True,52.0,1,0,1,0,1,1
696,697,0,0,0,8.05,1,True,44.0,1,0,1,0,0,1
697,698,1,0,0,7.7333,1,False,-1.0,0,1,0,0,0,1
698,699,0,1,1,110.8833,0,True,49.0,1,0,0,1,0,1
699,700,0,0,0,7.65,0,True,42.0,1,0,1,0,0,1
700,701,1,1,0,227.525,0,True,18.0,0,0,0,1,0,0
701,702,1,0,0,26.2875,0,True,35.0,1,0,1,1,0,0
702,703,0,0,1,14.4542,1,True,18.0,0,0,0,0,0,1
703,704,0,0,0,7.7417,1,True,25.0,1,1,0,0,0,1
704,705,0,1,0,7.8542,1,True,26.0,1,0,1,0,0,1
705,706,0,0,0,26.0,1,True,39.0,1,0,1,0,1,1
706,707,1,0,0,13.5,1,True,45.0,0,0,1,0,1,1
707,708,1,0,0,26.2875,0,True,42.0,1,0,1,1,0,0
708,709,1,0,0,151.55,1,True,22.0,0,0,1,1,0,1
709,710,1,1,1,15.2458,1,False,-1.0,1,0,0,0,0,1
710,711,1,0,0,49.5042,0,True,24.0,0,0,0,1,0,0
711,712,0,0,0,26.55,0,False,-1.0,1,0,1,1,0,1
712,713,1,1,0,52.0,0,True,48.0,1,0,1,1,0,1
713,714,0,0,0,9.4833,1,True,29.0,1,0,1,0,0,1
714,715,0,0,0,13.0,1,True,52.0,1,0,1,0,1,1
715,716,0,0,0,7.65,0,True,19.0,1,0,1,0,0,1
716,717,1,0,0,227.525,0,True,38.0,0,0,0,1,0,0
717,718,1,0,0,10.5,0,True,27.0,0,0,1,0,1,1
718,719,0,0,0,15.5,1,False,-1.0,1,1,0,0,0,1
719,720,0,0,0,7.775,1,True,33.0,1,0,1,0,0,1
720,721,1,0,1,33.0,1,True,6.0,0,0,1,0,1,1
721,722,0,1,0,7.0542,1,True,17.0,1,0,1,0,0,1
722,723,0,0,0,13.0,1,True,34.0,1,0,1,0,1,1
723,724,0,0,0,13.0,1,True,50.0,1,0,1,0,1,1
724,725,1,1,0,53.1,0,True,27.0,1,0,1,1,0,1
725,726,0,0,0,8.6625,1,True,20.0,1,0,1,0,0,1
726,727,1,3,0,21.0,1,True,30.0,0,0,1,0,1,1
727,728,1,0,0,7.7375,1,False,-1.0,0,1,0,0,0,1
728,729,0,1,0,26.0,1,True,25.0,1,0,1,0,1,1
729,730,0,1,0,7.925,1,True,25.0,0,0,1,0,0,0
730,731,1,0,0,211.3375,0,True,29.0,0,0,1,1,0,1
731,732,0,0,0,18.7875,1,True,11.0,1,0,0,0,0,1
732,733,0,0,0,0.0,1,False,-1.0,1,0,1,0,1,1
733,734,0,0,0,13.0,1,True,23.0,1,0,1,0,1,1
734,735,0,0,0,13.0,1,True,23.0,1,0,1,0,1,1
735,736,0,0,0,16.1,1,True,28.5,1,0,1,0,0,1
736,737,0,1,3,34.375,1,True,48.0,0,0,1,0,0,0
737,738,1,0,0,512.3292,0,True,35.0,1,0,0,1,0,0
738,739,0,0,0,7.8958,1,False,-1.0,1,0,1,0,0,1
739,740,0,0,0,7.8958,1,False,-1.0,1,0,1,0,0,1
740,741,1,0,0,30.0,0,False,-1.0,1,0,1,1,0,1
741,742,0,1,0,78.85,0,True,36.0,1,0,1,1,0,1
742,743,1,2,2,262.375,0,True,21.0,0,0,0,1,0,0
743,744,0,1,0,16.1,1,True,24.0,1,0,1,0,0,1
744,745,1,0,0,7.925,1,True,31.0,1,0,1,0,0,0
745,746,0,1,1,71.0,0,True,70.0,1,0,1,1,0,0
746,747,0,1,1,20.25,1,True,16.0,1,0,1,0,0,0
747,748,1,0,0,13.0,1,True,30.0,0,0,1,0,1,1
748,749,0,1,0,53.1,0,True,19.0,1,0,1,1,0,1
749,750,0,0,0,7.75,1,True,31.0,1,1,0,0,0,1
750,751,1,1,1,23.0,1,True,4.0,0,0,1,0,1,1
751,752,1,0,1,12.475,0,True,6.0,1,0,1,0,0,1
752,753,0,0,0,9.5,1,True,33.0,1,0,1,0,0,1
753,754,0,0,0,7.8958,1,True,23.0,1,0,1,0,0,1
754,755,1,1,2,65.0,1,True,48.0,0,0,1,0,1,1
755,756,1,1,1,14.5,1,True,0.67,1,0,1,0,1,1
756,757,0,0,0,7.7958,1,True,28.0,1,0,1,0,0,1
757,758,0,0,0,11.5,1,True,18.0,1,0,1,0,1,1
758,759,0,0,0,8.05,1,True,34.0,1,0,1,0,0,1
759,760,1,0,0,86.5,0,True,33.0,0,0,1,1,0,1
760,761,0,0,0,14.5,1,False,-1.0,1,0,1,0,0,1
761,762,0,0,0,7.125,1,True,41.0,1,0,1,0,0,0
762,763,1,0,0,7.2292,1,True,20.0,1,0,0,0,0,1
763,764,1,1,2,120.0,0,True,36.0,0,0,1,1,0,1
764,765,0,0,0,7.775,1,True,16.0,1,0,1,0,0,1
765,766,1,1,0,77.9583,0,True,51.0,0,0,1,1,0,1
766,767,0,0,0,39.6,1,False,-1.0,1,0,0,1,0,1
767,768,0,0,0,7.75,1,True,30.5,0,1,0,0,0,1
768,769,0,1,0,24.15,1,False,-1.0,1,1,0,0,0,1
769,770,0,0,0,8.3625,1,True,32.0,1,0,1,0,0,1
770,771,0,0,0,9.5,1,True,24.0,1,0,1,0,0,1
771,772,0,0,0,7.8542,1,True,48.0,1,0,1,0,0,1
772,773,0,0,0,10.5,0,True,57.0,0,0,1,0,1,0
773,774,0,0,0,7.225,1,False,-1.0,1,0,0,0,0,1
774,775,1,1,3,23.0,1,True,54.0,0,0,1,0,1,1
775,776,0,0,0,7.75,1,True,18.0,1,0,1,0,0,1
776,777,0,0,0,7.75,0,False,-1.0,1,1,0,0,0,1
777,778,1,0,0,12.475,1,True,5.0,0,0,1,0,0,1
778,779,0,0,0,7.7375,1,False,-1.0,1,1,0,0,0,1
779,780,1,0,1,211.3375,0,True,43.0,0,0,1,1,0,1
780,781,1,0,0,7.2292,1,True,13.0,0,0,0,0,0,1
781,782,1,1,0,57.0,0,True,17.0,0,0,1,1,0,1
782,783,0,0,0,30.0,0,True,29.0,1,0,1,1,0,1
783,784,0,1,2,23.45,1,False,-1.0,1,0,1,0,0,0
784,785,0,0,0,7.05,1,True,25.0,1,0,1,0,0,0
785,786,0,0,0,7.25,1,True,25.0,1,0,1,0,0,1
786,787,1,0,0,7.4958,1,True,18.0,0,0,1,0,0,1
787,788,0,4,1,29.125,1,True,8.0,1,1,0,0,0,1
788,789,1,1,2,20.575,1,True,1.0,1,0,1,0,0,0
789,790,0,0,0,79.2,0,True,46.0,1,0,0,1,0,0
790,791,0,0,0,7.75,1,False,-1.0,1,1,0,0,0,1
791,792,0,0,0,26.0,1,True,16.0,1,0,1,0,1,1
792,793,0,8,2,69.55,1,False,-1.0,0,0,1,0,0,0
793,794,0,0,0,30.6958,1,False,-1.0,1,0,0,1,0,0
794,795,0,0,0,7.8958,1,True,25.0,1,0,1,0,0,1
795,796,0,0,0,13.0,1,True,39.0,1,0,1,0,1,1
796,797,1,0,0,25.9292,0,True,49.0,0,0,1,1,0,1
797,798,1,0,0,8.6833,1,True,31.0,0,0,1,0,0,1
798,799,0,0,0,7.2292,1,True,30.0,1,0,0,0,0,1
799,800,0,1,1,24.15,1,True,30.0,0,0,1,0,0,1
800,801,0,0,0,13.0,1,True,34.0,1,0,1,0,1,1
801,802,1,1,1,26.25,1,True,31.0,0,0,1,0,1,0
802,803,1,1,2,120.0,0,True,11.0,1,0,1,1,0,1
803,804,1,0,1,8.5167,1,True,0.42,1,0,0,0,0,1
804,805,1,0,0,6.975,1,True,27.0,1,0,1,0,0,1
805,806,0,0,0,7.775,1,True,31.0,1,0,1,0,0,1
806,807,0,0,0,0.0,0,True,39.0,1,0,1,1,0,1
807,808,0,0,0,7.775,1,True,18.0,0,0,1,0,0,1
808,809,0,0,0,13.0,1,True,39.0,1,0,1,0,1,1
809,810,1,1,0,53.1,0,True,33.0,0,0,1,1,0,1
810,811,0,0,0,7.8875,1,True,26.0,1,0,1,0,0,1
811,812,0,0,0,24.15,1,True,39.0,1,0,1,0,0,0
812,813,0,0,0,10.5,1,True,35.0,1,0,1,0,1,1
813,814,0,4,2,31.275,1,True,6.0,0,0,1,0,0,1
814,815,0,0,0,8.05,1,True,30.5,1,0,1,0,0,1
815,816,0,0,0,0.0,0,False,-1.0,1,0,1,1,0,1
816,817,0,0,0,7.925,1,True,23.0,0,0,1,0,0,0
817,818,0,1,1,37.0042,1,True,31.0,1,0,0,0,1,0
818,819,0,0,0,6.45,1,True,43.0,1,0,1,0,0,0
819,820,0,3,2,27.9,1,True,10.0,1,0,1,0,0,1
820,821,1,1,1,93.5,0,True,52.0,0,0,1,1,0,1
821,822,1,0,0,8.6625,1,True,27.0,1,0,1,0,0,1
822,823,0,0,0,0.0,1,True,38.0,1,0,1,1,0,1
823,824,1,0,1,12.475,0,True,27.0,0,0,1,0,0,1
824,825,0,4,1,39.6875,1,True,2.0,1,0,1,0,0,1
825,826,0,0,0,6.95,1,False,-1.0,1,1,0,0,0,1
826,827,0,0,0,56.4958,1,False,-1.0,1,0,1,0,0,1
827,828,1,0,2,37.0042,1,True,1.0,1,0,0,0,1,0
828,829,1,0,0,7.75,1,False,-1.0,1,1,0,0,0,1
830,831,1,1,0,14.4542,1,True,15.0,0,0,0,0,0,1
831,832,1,1,1,18.75,1,True,0.83,1,0,1,0,1,1
832,833,0,0,0,7.2292,1,False,-1.0,1,0,0,0,0,1
833,834,0,0,0,7.8542,1,True,23.0,1,0,1,0,0,1
834,835,0,0,0,8.3,1,True,18.0,1,0,1,0,0,1
835,836,1,1,1,83.1583,0,True,39.0,0,0,0,1,0,0
836,837,0,0,0,8.6625,1,True,21.0,1,0,1,0,0,1
837,838,0,0,0,8.05,1,False,-1.0,1,0,1,0,0,1
838,839,1,0,0,56.4958,1,True,32.0,1,0,1,0,0,1
839,840,1,0,0,29.7,0,False,-1.0,1,0,0,1,0,1
840,841,0,0,0,7.925,1,True,20.0,1,0,1,0,0,0
841,842,0,0,0,10.5,1,True,16.0,1,0,1,0,1,0
842,843,1,0,0,31.0,1,True,30.0,0,0,0,1,0,1
843,844,0,0,0,6.4375,1,True,34.5,1,0,0,0,0,1
844,845,0,0,0,8.6625,1,True,17.0,1,0,1,0,0,1
845,846,0,0,0,7.55,1,True,42.0,1,0,1,0,0,0
846,847,0,8,2,69.55,1,False,-1.0,1,0,1,0,0,0
847,848,0,0,0,7.8958,1,True,35.0,1,0,0,0,0,1
848,849,0,0,1,33.0,1,True,28.0,1,0,1,0,1,1
849,850,1,1,0,89.1042,0,False,-1.0,0,0,0,1,0,1
850,851,0,4,2,31.275,1,True,4.0,1,0,1,0,0,1
851,852,0,0,0,7.775,1,True,74.0,1,0,1,0,0,1
852,853,0,1,1,15.2458,1,True,9.0,0,0,0,0,0,1
853,854,1,0,1,39.4,0,True,16.0,0,0,1,1,0,0
854,855,0,1,0,26.0,1,True,44.0,0,0,1,0,1,1
855,856,1,0,1,9.35,1,True,18.0,0,0,1,0,0,1
856,857,1,1,1,164.8667,1,True,45.0,0,0,1,1,0,1
857,858,1,0,0,26.55,0,True,51.0,1,0,1,1,0,1
858,859,1,0,3,19.2583,1,True,24.0,0,0,0,0,0,1
859,860,0,0,0,7.2292,1,False,-1.0,1,0,0,0,0,1
860,861,0,2,0,14.1083,1,True,41.0,1,0,1,0,0,1
861,862,0,1,0,11.5,1,True,21.0,1,0,1,0,1,1
862,863,1,0,0,25.9292,0,True,48.0,0,0,1,1,0,1
863,864,0,8,2,69.55,1,False,-1.0,0,0,1,0,0,0
864,865,0,0,0,13.0,1,True,24.0,1,0,1,0,1,1
865,866,1,0,0,13.0,1,True,42.0,0,0,1,0,1,1
866,867,1,1,0,13.8583,1,True,27.0,0,0,0,0,1,0
867,868,0,0,0,50.4958,0,True,31.0,1,0,1,1,0,0
868,869,0,0,0,9.5,1,False,-1.0,1,0,1,0,0,1
869,870,1,1,1,11.1333,1,True,4.0,1,0,1,0,0,1
870,871,0,0,0,7.8958,1,True,26.0,1,0,1,0,0,1
871,872,1,1,1,52.5542,0,True,47.0,0,0,1,1,0,1
872,873,0,0,0,5.0,0,True,33.0,1,0,1,1,0,1
873,874,0,0,0,9.0,1,True,47.0,1,0,1,0,0,1
874,875,1,1,0,24.0,1,True,28.0,0,0,0,0,1,0
875,876,1,0,0,7.225,1,True,15.0,0,0,0,0,0,1
876,877,0,0,0,9.8458,1,True,20.0,1,0,1,0,0,1
877,878,0,0,0,7.8958,1,True,19.0,1,0,1,0,0,1
878,879,0,0,0,7.8958,1,False,-1.0,1,0,1,0,0,1
879,880,1,0,1,83.1583,0,True,56.0,0,0,0,1,0,1
880,881,1,0,1,26.0,1,True,25.0,0,0,1,0,1,1
881,882,0,0,0,7.8958,1,True,33.0,1,0,1,0,0,1
882,883,0,0,0,10.5167,1,True,22.0,0,0,1,0,0,1
883,884,0,0,0,10.5,1,True,28.0,1,0,1,0,1,0
884,885,0,0,0,7.05,1,True,25.0,1,0,1,0,0,0
885,886,0,0,5,29.125,1,True,39.0,0,1,0,0,0,1
886,887,0,0,0,13.0,1,True,27.0,1,0,1,0,1,1
887,888,1,0,0,30.0,0,True,19.0,0,0,1,1,0,1
888,889,0,1,2,23.45,1,False,-1.0,0,0,1,0,0,0
889,890,1,0,0,30.0,0,True,26.0,1,0,0,1,0,1
890,891,0,0,0,7.75,1,True,32.0,1,1,0,0,0,1
